{
    "providers": [
        {
            "type": "bitmap",
            "file": "minecraft:font/noc_prefix.png",
            "ascent": 7,
            "height": 7,
            "chars": [
                    "\u00C0"
                ]
        },
        {
            "type": "bitmap",
            "file": "minecraft:font/esc_prefix.png",
            "ascent": 7,
            "height": 7,
            "chars": [
                    "\u00C1"
                ]
        },
        {
            "type": "bitmap",
            "file": "minecraft:font/fwi_prefix.png",
            "ascent": 7,
            "height": 7,
            "chars": [
                    "\u00C2"
                ]
        },
        {
            "type": "bitmap",
            "file": "minecraft:font/admin_prefix.png",
            "ascent": 7,
            "height": 7,
            "chars": [
                    "\u00C3"
                ]
        },
                {
            "type": "bitmap",
            "file": "minecraft:font/player_prefix.png",
            "ascent": 7,
            "height": 7,
            "chars": [
                    "\u00C4"
                ]
        }
    ]
}